{
  "loss": 0.5790255678196748,
  "accuracy": 0.8342245989304813,
  "precision_macro": 0.8037660539648875,
  "recall_macro": 0.7569163332974798,
  "f1_macro": 0.7724771873322597,
  "precision_weighted": 0.8335003078001021,
  "recall_weighted": 0.8342245989304813,
  "f1_weighted": 0.8309113134347575
}