{
  "loss": 0.8714790027588606,
  "accuracy": 0.8235294117647058,
  "precision_macro": 0.7599712862674457,
  "recall_macro": 0.7735783631331602,
  "f1_macro": 0.7645223032323076,
  "precision_weighted": 0.8312349412010879,
  "recall_weighted": 0.8235294117647058,
  "f1_weighted": 0.8260183863915752
}